time,idx,sst,lat,lon
2024-01-01,"(0,0)",24.43749975,25.5,122.5
2024-01-01,"(0,1)",22.7568746875,26.5,122.5
2024-01-01,"(1,0)",25.059999875,25.5,123.5
2024-01-01,"(1,1)",23.2587496875,26.5,123.5
2024-01-02,"(0,0)",24.419374875,25.5,122.5
2024-01-02,"(0,1)",22.8824995625,26.5,122.5
2024-01-02,"(1,0)",25.0187496875,25.5,123.5
2024-01-02,"(1,1)",23.1999996875,26.5,123.5
2024-01-03,"(0,0)",24.3562496875,25.5,122.5
2024-01-03,"(0,1)",22.9156246875,26.5,122.5
2024-01-03,"(1,0)",24.8887495625,25.5,123.5
2024-01-03,"(1,1)",23.1649996875,26.5,123.5
2024-01-04,"(0,0)",24.0987496875,25.5,122.5
2024-01-04,"(0,1)",22.722499625,26.5,122.5
2024-01-04,"(1,0)",24.8218743125,25.5,123.5
2024-01-04,"(1,1)",23.0443745625,26.5,123.5
2024-01-05,"(0,0)",24.00874975,25.5,122.5
2024-01-05,"(0,1)",22.6337496875,26.5,122.5
2024-01-05,"(1,0)",24.7756248125,25.5,123.5
2024-01-05,"(1,1)",23.2256246875,26.5,123.5
2024-01-06,"(0,0)",23.8562498125,25.5,122.5
2024-01-06,"(0,1)",22.355624875,26.5,122.5
2024-01-06,"(1,0)",24.650624875,25.5,123.5
2024-01-06,"(1,1)",23.153124625,26.5,123.5
2024-01-07,"(0,0)",23.82937475,25.5,122.5
2024-01-07,"(0,1)",22.274374875,26.5,122.5
2024-01-07,"(1,0)",24.572499937499998,25.5,123.5
2024-01-07,"(1,1)",23.168124875,26.5,123.5
2024-01-08,"(0,0)",24.024374875,25.5,122.5
2024-01-08,"(0,1)",22.4099995625,26.5,122.5
2024-01-08,"(1,0)",24.574374625,25.5,123.5
2024-01-08,"(1,1)",23.34562475,26.5,123.5
2024-01-09,"(0,0)",24.040624625,25.5,122.5
2024-01-09,"(0,1)",22.3599995,26.5,122.5
2024-01-09,"(1,0)",24.55249975,25.5,123.5
2024-01-09,"(1,1)",23.3999996875,26.5,123.5
2024-01-10,"(0,0)",24.186249625,25.5,122.5
2024-01-10,"(0,1)",22.14499975,26.5,122.5
2024-01-10,"(1,0)",24.61749975,25.5,123.5
2024-01-10,"(1,1)",23.3199998125,26.5,123.5
2024-01-11,"(0,0)",24.182499749999998,25.5,122.5
2024-01-11,"(0,1)",22.0843748125,26.5,122.5
2024-01-11,"(1,0)",24.5431248125,25.5,123.5
2024-01-11,"(1,1)",22.8924998125,26.5,123.5
2024-01-12,"(0,0)",24.23937475,25.5,122.5
2024-01-12,"(0,1)",22.24749975,26.5,122.5
2024-01-12,"(1,0)",24.611874625,25.5,123.5
2024-01-12,"(1,1)",22.8856246875,26.5,123.5
2024-01-13,"(0,0)",24.3381246875,25.5,122.5
2024-01-13,"(0,1)",22.381874875,26.5,122.5
2024-01-13,"(1,0)",24.76374975,25.5,123.5
2024-01-13,"(1,1)",22.9837498125,26.5,123.5
2024-01-14,"(0,0)",24.414374625,25.5,122.5
2024-01-14,"(0,1)",22.4568746875,26.5,122.5
2024-01-14,"(1,0)",24.83437475,25.5,123.5
2024-01-14,"(1,1)",23.046249625,26.5,123.5
2024-01-15,"(0,0)",24.45312475,25.5,122.5
2024-01-15,"(0,1)",22.47312475,26.5,122.5
2024-01-15,"(1,0)",24.8543745,25.5,123.5
2024-01-15,"(1,1)",22.9756248125,26.5,123.5
2024-01-16,"(0,0)",24.39749975,25.5,122.5
2024-01-16,"(0,1)",22.46249975,26.5,122.5
2024-01-16,"(1,0)",24.92999975,25.5,123.5
2024-01-16,"(1,1)",23.016249625,26.5,123.5
2024-01-17,"(0,0)",24.266874625,25.5,122.5
2024-01-17,"(0,1)",22.45999975,26.5,122.5
2024-01-17,"(1,0)",24.920624749999998,25.5,123.5
2024-01-17,"(1,1)",23.00687475,26.5,123.5
2024-01-18,"(0,0)",24.1381246875,25.5,122.5
2024-01-18,"(0,1)",22.3199996875,26.5,122.5
2024-01-18,"(1,0)",24.848124625,25.5,123.5
2024-01-18,"(1,1)",22.9293746875,26.5,123.5
2024-01-19,"(0,0)",24.044999937500002,25.5,122.5
2024-01-19,"(0,1)",22.22687475,26.5,122.5
2024-01-19,"(1,0)",24.969999625,25.5,123.5
2024-01-19,"(1,1)",22.9262496875,26.5,123.5
2024-01-20,"(0,0)",23.8218746875,25.5,122.5
2024-01-20,"(0,1)",22.1618746875,26.5,122.5
2024-01-20,"(1,0)",24.8724998125,25.5,123.5
2024-01-20,"(1,1)",22.78499975,26.5,123.5
2024-01-21,"(0,0)",23.728124625,25.5,122.5
2024-01-21,"(0,1)",22.121249625,26.5,122.5
2024-01-21,"(1,0)",24.9024998125,25.5,123.5
2024-01-21,"(1,1)",22.2762496875,26.5,123.5
2024-01-22,"(0,0)",23.8324998125,25.5,122.5
2024-01-22,"(0,1)",21.80624975,26.5,122.5
2024-01-22,"(1,0)",24.954999625,25.5,123.5
2024-01-22,"(1,1)",22.04937475,26.5,123.5
2024-01-23,"(0,0)",23.8131248125,25.5,122.5
2024-01-23,"(0,1)",21.3868745,26.5,122.5
2024-01-23,"(1,0)",24.6774998125,25.5,123.5
2024-01-23,"(1,1)",21.97562475,26.5,123.5
2024-01-24,"(0,0)",23.8249999375,25.5,122.5
2024-01-24,"(0,1)",21.2618746875,26.5,122.5
2024-01-24,"(1,0)",24.441249875,25.5,123.5
2024-01-24,"(1,1)",21.8393748125,26.5,123.5
2024-01-25,"(0,0)",23.3912495625,25.5,122.5
2024-01-25,"(0,1)",20.788749875,26.5,122.5
2024-01-25,"(1,0)",24.178749562500002,25.5,123.5
2024-01-25,"(1,1)",21.75437475,26.5,123.5
2024-01-26,"(0,0)",23.111874750000002,25.5,122.5
2024-01-26,"(0,1)",20.2762499375,26.5,122.5
2024-01-26,"(1,0)",24.21874975,25.5,123.5
2024-01-26,"(1,1)",21.7268748125,26.5,123.5
2024-01-27,"(0,0)",22.97624975,25.5,122.5
2024-01-27,"(0,1)",20.203749875,26.5,122.5
2024-01-27,"(1,0)",24.456874625,25.5,123.5
2024-01-27,"(1,1)",21.7712495625,26.5,123.5
2024-01-28,"(0,0)",22.720624625,25.5,122.5
2024-01-28,"(0,1)",20.2224996875,26.5,122.5
2024-01-28,"(1,0)",23.9862495625,25.5,123.5
2024-01-28,"(1,1)",21.758125,26.5,123.5
2024-01-29,"(0,0)",22.9124996875,25.5,122.5
2024-01-29,"(0,1)",20.58249975,26.5,122.5
2024-01-29,"(1,0)",23.92499975,25.5,123.5
2024-01-29,"(1,1)",21.81937475,26.5,123.5
2024-01-30,"(0,0)",23.12375,25.5,122.5
2024-01-30,"(0,1)",20.8831248125,26.5,122.5
2024-01-30,"(1,0)",23.9356248125,25.5,123.5
2024-01-30,"(1,1)",21.97249975,26.5,123.5
2024-01-31,"(0,0)",23.1506248125,25.5,122.5
2024-01-31,"(0,1)",21.17437475,26.5,122.5
2024-01-31,"(1,0)",23.98562475,25.5,123.5
2024-01-31,"(1,1)",22.1712496875,26.5,123.5
2024-02-01,"(0,0)",23.1431249375,25.5,122.5
2024-02-01,"(0,1)",21.327499875,26.5,122.5
2024-02-01,"(1,0)",24.0237494375,25.5,123.5
2024-02-01,"(1,1)",22.231874625,26.5,123.5
2024-02-02,"(0,0)",23.101249875,25.5,122.5
2024-02-02,"(0,1)",21.3637496875,26.5,122.5
2024-02-02,"(1,0)",24.0731245625,25.5,123.5
2024-02-02,"(1,1)",22.2424996875,26.5,123.5
2024-02-03,"(0,0)",22.87187475,25.5,122.5
2024-02-03,"(0,1)",20.721874624999998,26.5,122.5
2024-02-03,"(1,0)",24.2343748125,25.5,123.5
2024-02-03,"(1,1)",22.242499625,26.5,123.5
2024-02-04,"(0,0)",22.9412498125,25.5,122.5
2024-02-04,"(0,1)",21.0162496875,26.5,122.5
2024-02-04,"(1,0)",24.2343746875,25.5,123.5
2024-02-04,"(1,1)",22.273124875,26.5,123.5
2024-02-05,"(0,0)",23.14062475,25.5,122.5
2024-02-05,"(0,1)",21.3556248125,26.5,122.5
2024-02-05,"(1,0)",24.11874975,25.5,123.5
2024-02-05,"(1,1)",22.4068745625,26.5,123.5
2024-02-06,"(0,0)",22.61062475,25.5,122.5
2024-02-06,"(0,1)",21.297499625,26.5,122.5
2024-02-06,"(1,0)",24.039374875,25.5,123.5
2024-02-06,"(1,1)",22.458749625,26.5,123.5
2024-02-07,"(0,0)",22.291874875,25.5,122.5
2024-02-07,"(0,1)",20.8343749375,26.5,122.5
2024-02-07,"(1,0)",23.8899998125,25.5,123.5
2024-02-07,"(1,1)",22.106249625,26.5,123.5
2024-02-08,"(0,0)",22.610624875,25.5,122.5
2024-02-08,"(0,1)",20.57999975,26.5,122.5
2024-02-08,"(1,0)",24.1743745625,25.5,123.5
2024-02-08,"(1,1)",22.27562475,26.5,123.5
2024-02-09,"(0,0)",22.877499812499998,25.5,122.5
2024-02-09,"(0,1)",20.541874749999998,26.5,122.5
2024-02-09,"(1,0)",24.127499875,25.5,123.5
2024-02-09,"(1,1)",22.3287496875,26.5,123.5
2024-02-10,"(0,0)",22.920624749999998,25.5,122.5
2024-02-10,"(0,1)",20.554374875,26.5,122.5
2024-02-10,"(1,0)",24.044999625,25.5,123.5
2024-02-10,"(1,1)",22.31187475,26.5,123.5
2024-02-11,"(0,0)",22.8749996875,25.5,122.5
2024-02-11,"(0,1)",20.509999937499998,26.5,122.5
2024-02-11,"(1,0)",23.9849998125,25.5,123.5
2024-02-11,"(1,1)",22.3487495,26.5,123.5
2024-02-12,"(0,0)",22.943749874999998,25.5,122.5
2024-02-12,"(0,1)",20.5587498125,26.5,122.5
2024-02-12,"(1,0)",24.0862496875,25.5,123.5
2024-02-12,"(1,1)",22.51999975,26.5,123.5
2024-02-13,"(0,0)",22.9262496875,25.5,122.5
2024-02-13,"(0,1)",20.593749875,26.5,122.5
2024-02-13,"(1,0)",24.17187475,25.5,123.5
2024-02-13,"(1,1)",22.684999875,26.5,123.5
2024-02-14,"(0,0)",22.9699999375,25.5,122.5
2024-02-14,"(0,1)",20.643125,26.5,122.5
2024-02-14,"(1,0)",24.264374625,25.5,123.5
2024-02-14,"(1,1)",22.76499975,26.5,123.5
2024-02-15,"(0,0)",23.099999625,25.5,122.5
2024-02-15,"(0,1)",20.7624998125,26.5,122.5
2024-02-15,"(1,0)",24.3518746875,25.5,123.5
2024-02-15,"(1,1)",22.90312475,26.5,123.5
2024-02-16,"(0,0)",23.20499975,25.5,122.5
2024-02-16,"(0,1)",20.7612496875,26.5,122.5
2024-02-16,"(1,0)",24.4624996875,25.5,123.5
2024-02-16,"(1,1)",22.92937475,26.5,123.5
2024-02-17,"(0,0)",23.201874687500002,25.5,122.5
2024-02-17,"(0,1)",20.664374625,26.5,122.5
2024-02-17,"(1,0)",24.419374875,25.5,123.5
2024-02-17,"(1,1)",22.8331248125,26.5,123.5
2024-02-18,"(0,0)",23.3624996875,25.5,122.5
2024-02-18,"(0,1)",20.6843745625,26.5,122.5
2024-02-18,"(1,0)",24.3624996875,25.5,123.5
2024-02-18,"(1,1)",22.856874875,26.5,123.5
2024-02-19,"(0,0)",23.371249875,25.5,122.5
2024-02-19,"(0,1)",20.636874875,26.5,122.5
2024-02-19,"(1,0)",24.3518748125,25.5,123.5
2024-02-19,"(1,1)",22.8587498125,26.5,123.5
2024-02-20,"(0,0)",23.23187475,25.5,122.5
2024-02-20,"(0,1)",20.553124875,26.5,122.5
2024-02-20,"(1,0)",24.26749975,25.5,123.5
2024-02-20,"(1,1)",22.9162496875,26.5,123.5
2024-02-21,"(0,0)",22.9174999375,25.5,122.5
2024-02-21,"(0,1)",20.3587498125,26.5,122.5
2024-02-21,"(1,0)",24.193749875,25.5,123.5
2024-02-21,"(1,1)",22.959999812499998,26.5,123.5
2024-02-22,"(0,0)",22.8249998125,25.5,122.5
2024-02-22,"(0,1)",20.301874875,26.5,122.5
2024-02-22,"(1,0)",24.143124625,25.5,123.5
2024-02-22,"(1,1)",22.98062475,26.5,123.5
2024-02-23,"(0,0)",22.684999625,25.5,122.5
2024-02-23,"(0,1)",20.4062499375,26.5,122.5
2024-02-23,"(1,0)",24.0924998125,25.5,123.5
2024-02-23,"(1,1)",22.94249975,26.5,123.5
2024-02-24,"(0,0)",22.468124624999998,25.5,122.5
2024-02-24,"(0,1)",19.968124625,26.5,122.5
2024-02-24,"(1,0)",23.8243749375,25.5,123.5
2024-02-24,"(1,1)",22.46624975,26.5,123.5
2024-02-25,"(0,0)",22.6587496875,25.5,122.5
2024-02-25,"(0,1)",19.6062496875,26.5,122.5
2024-02-25,"(1,0)",23.94124975,25.5,123.5
2024-02-25,"(1,1)",22.0756248125,26.5,123.5
2024-02-26,"(0,0)",22.266249625,25.5,122.5
2024-02-26,"(0,1)",19.4043748125,26.5,122.5
2024-02-26,"(1,0)",23.816249625,25.5,123.5
2024-02-26,"(1,1)",22.06687475,26.5,123.5
2024-02-27,"(0,0)",21.476874625,25.5,122.5
2024-02-27,"(0,1)",19.5224998125,26.5,122.5
2024-02-27,"(1,0)",23.668124625,25.5,123.5
2024-02-27,"(1,1)",21.84874975,26.5,123.5
2024-02-28,"(0,0)",21.22249975,25.5,122.5
2024-02-28,"(0,1)",20.0118749375,26.5,122.5
2024-02-28,"(1,0)",23.7281246875,25.5,123.5
2024-02-28,"(1,1)",22.0437496875,26.5,123.5
2024-02-29,"(0,0)",21.5212495625,25.5,122.5
2024-02-29,"(0,1)",20.1749996875,26.5,122.5
2024-02-29,"(1,0)",23.65874975,25.5,123.5
2024-02-29,"(1,1)",21.9149996875,26.5,123.5
2024-03-01,"(0,0)",22.0581248125,25.5,122.5
2024-03-01,"(0,1)",20.71125,26.5,122.5
2024-03-01,"(1,0)",23.65062475,25.5,123.5
2024-03-01,"(1,1)",21.960624625,26.5,123.5
2024-03-02,"(0,0)",21.667499687499998,25.5,122.5
2024-03-02,"(0,1)",19.1306248125,26.5,122.5
2024-03-02,"(1,0)",23.347499875,25.5,123.5
2024-03-02,"(1,1)",21.337499625,26.5,123.5
2024-03-03,"(0,0)",21.801249875,25.5,122.5
2024-03-03,"(0,1)",18.6224996875,26.5,122.5
2024-03-03,"(1,0)",23.3743748125,25.5,123.5
2024-03-03,"(1,1)",21.3256246875,26.5,123.5
2024-03-04,"(0,0)",22.00812475,25.5,122.5
2024-03-04,"(0,1)",18.9056245625,26.5,122.5
2024-03-04,"(1,0)",23.4012498125,25.5,123.5
2024-03-04,"(1,1)",21.350625,26.5,123.5
2024-03-05,"(0,0)",22.1762498125,25.5,122.5
2024-03-05,"(0,1)",18.8287498125,26.5,122.5
2024-03-05,"(1,0)",23.3937496875,25.5,123.5
2024-03-05,"(1,1)",21.3843746875,26.5,123.5
2024-03-06,"(0,0)",22.1931248125,25.5,122.5
2024-03-06,"(0,1)",18.75687475,26.5,122.5
2024-03-06,"(1,0)",23.3837496875,25.5,123.5
2024-03-06,"(1,1)",21.3874995625,26.5,123.5
2024-03-07,"(0,0)",21.647499625000002,25.5,122.5
2024-03-07,"(0,1)",17.623124875,26.5,122.5
2024-03-07,"(1,0)",22.8949996875,25.5,123.5
2024-03-07,"(1,1)",20.09499975,26.5,123.5
2024-03-08,"(0,0)",21.7468748125,25.5,122.5
2024-03-08,"(0,1)",17.408124625,26.5,122.5
2024-03-08,"(1,0)",22.998124625,25.5,123.5
2024-03-08,"(1,1)",20.0949998125,26.5,123.5
2024-03-09,"(0,0)",21.73187475,25.5,122.5
2024-03-09,"(0,1)",17.601874625,26.5,122.5
2024-03-09,"(1,0)",23.169374625,25.5,123.5
2024-03-09,"(1,1)",20.4681245625,26.5,123.5
2024-03-10,"(0,0)",21.8568748125,25.5,122.5
2024-03-10,"(0,1)",17.0687496875,26.5,122.5
2024-03-10,"(1,0)",23.1131246875,25.5,123.5
2024-03-10,"(1,1)",19.699374875,26.5,123.5
2024-03-11,"(0,0)",22.1124995625,25.5,122.5
2024-03-11,"(0,1)",17.36749965625,26.5,122.5
2024-03-11,"(1,0)",22.9937498125,25.5,123.5
2024-03-11,"(1,1)",19.49749975,26.5,123.5
2024-03-12,"(0,0)",22.1099995,25.5,122.5
2024-03-12,"(0,1)",17.56312475,26.5,122.5
2024-03-12,"(1,0)",22.863124562499998,25.5,123.5
2024-03-12,"(1,1)",19.2381249375,26.5,123.5
2024-03-13,"(0,0)",22.3043746875,25.5,122.5
2024-03-13,"(0,1)",17.82249965625,26.5,122.5
2024-03-13,"(1,0)",23.0137495,25.5,123.5
2024-03-13,"(1,1)",19.376875,26.5,123.5
2024-03-14,"(0,0)",22.4899996875,25.5,122.5
2024-03-14,"(0,1)",18.21624975,26.5,122.5
2024-03-14,"(1,0)",23.20249975,25.5,123.5
2024-03-14,"(1,1)",19.794999875,26.5,123.5
2024-03-15,"(0,0)",22.61812475,25.5,122.5
2024-03-15,"(0,1)",19.04,26.5,122.5
2024-03-15,"(1,0)",23.48874975,25.5,123.5
2024-03-15,"(1,1)",20.4631246875,26.5,123.5
2024-03-16,"(0,0)",22.579999625,25.5,122.5
2024-03-16,"(0,1)",19.10124975,26.5,122.5
2024-03-16,"(1,0)",23.6381244375,25.5,123.5
2024-03-16,"(1,1)",20.4312498125,26.5,123.5
2024-03-17,"(0,0)",22.548749875,25.5,122.5
2024-03-17,"(0,1)",18.917499875,26.5,122.5
2024-03-17,"(1,0)",23.529374625,25.5,123.5
2024-03-17,"(1,1)",20.01999975,26.5,123.5
2024-03-18,"(0,0)",22.197499625,25.5,122.5
2024-03-18,"(0,1)",18.8674998125,26.5,122.5
2024-03-18,"(1,0)",23.311249812499998,25.5,123.5
2024-03-18,"(1,1)",20.25437475,26.5,123.5
2024-03-19,"(0,0)",21.8424998125,25.5,122.5
2024-03-19,"(0,1)",18.8312496875,26.5,122.5
2024-03-19,"(1,0)",23.0474996875,25.5,123.5
2024-03-19,"(1,1)",20.126875,26.5,123.5
2024-03-20,"(0,0)",21.9487496875,25.5,122.5
2024-03-20,"(0,1)",18.9381248125,26.5,122.5
2024-03-20,"(1,0)",22.9537496875,25.5,123.5
2024-03-20,"(1,1)",20.18999975,26.5,123.5
2024-03-21,"(0,0)",22.0724998125,25.5,122.5
2024-03-21,"(0,1)",19.095,26.5,122.5
2024-03-21,"(1,0)",22.9924996875,25.5,123.5
2024-03-21,"(1,1)",20.25249975,26.5,123.5
2024-03-22,"(0,0)",22.288749625,25.5,122.5
2024-03-22,"(0,1)",19.376874875,26.5,122.5
2024-03-22,"(1,0)",23.139999624999998,25.5,123.5
2024-03-22,"(1,1)",20.6199998125,26.5,123.5
2024-03-23,"(0,0)",23.04312475,25.5,122.5
2024-03-23,"(0,1)",20.30437475,26.5,122.5
2024-03-23,"(1,0)",23.6181246875,25.5,123.5
2024-03-23,"(1,1)",21.41124975,26.5,123.5
2024-03-24,"(0,0)",23.5018746875,25.5,122.5
2024-03-24,"(0,1)",20.6237499375,26.5,122.5
2024-03-24,"(1,0)",24.0043746875,25.5,123.5
2024-03-24,"(1,1)",21.7981248125,26.5,123.5
2024-03-25,"(0,0)",23.7349994375,25.5,122.5
2024-03-25,"(0,1)",20.7706248125,26.5,122.5
2024-03-25,"(1,0)",24.3524998125,25.5,123.5
2024-03-25,"(1,1)",22.26124975,26.5,123.5
2024-03-26,"(0,0)",23.2512495625,25.5,122.5
2024-03-26,"(0,1)",19.9718749375,26.5,122.5
2024-03-26,"(1,0)",24.4256246875,25.5,123.5
2024-03-26,"(1,1)",22.1143745625,26.5,123.5
2024-03-27,"(0,0)",22.873749812499998,25.5,122.5
2024-03-27,"(0,1)",19.74812475,26.5,122.5
2024-03-27,"(1,0)",24.6156245625,25.5,123.5
2024-03-27,"(1,1)",22.150624937499998,26.5,123.5
2024-03-28,"(0,0)",22.879374875,25.5,122.5
2024-03-28,"(0,1)",19.660624875,26.5,122.5
2024-03-28,"(1,0)",24.7443745,25.5,123.5
2024-03-28,"(1,1)",22.0812499375,26.5,123.5
2024-03-29,"(0,0)",23.088124875,25.5,122.5
2024-03-29,"(0,1)",19.581874875,26.5,122.5
2024-03-29,"(1,0)",24.7881248125,25.5,123.5
2024-03-29,"(1,1)",21.9762496875,26.5,123.5
2024-03-30,"(0,0)",23.3462495,25.5,122.5
2024-03-30,"(0,1)",19.8881248125,26.5,122.5
2024-03-30,"(1,0)",24.850624625000002,25.5,123.5
2024-03-30,"(1,1)",22.2956246875,26.5,123.5
2024-03-31,"(0,0)",23.6449996875,25.5,122.5
2024-03-31,"(0,1)",20.4306249375,26.5,122.5
2024-03-31,"(1,0)",24.4531248125,25.5,123.5
2024-03-31,"(1,1)",22.1793748125,26.5,123.5
2024-04-01,"(0,0)",24.064374625,25.5,122.5
2024-04-01,"(0,1)",20.761874875,26.5,122.5
2024-04-01,"(1,0)",25.0499995,25.5,123.5
2024-04-01,"(1,1)",22.4724998125,26.5,123.5
2024-04-02,"(0,0)",24.0006248125,25.5,122.5
2024-04-02,"(0,1)",20.807499625,26.5,122.5
2024-04-02,"(1,0)",25.2756248125,25.5,123.5
2024-04-02,"(1,1)",22.464999875,26.5,123.5
2024-04-03,"(0,0)",24.1368746875,25.5,122.5
2024-04-03,"(0,1)",20.98499975,26.5,122.5
2024-04-03,"(1,0)",25.5156246875,25.5,123.5
2024-04-03,"(1,1)",22.4843749375,26.5,123.5
2024-04-04,"(0,0)",24.1368748125,25.5,122.5
2024-04-04,"(0,1)",21.0749998125,26.5,122.5
2024-04-04,"(1,0)",25.564999875,25.5,123.5
2024-04-04,"(1,1)",22.478749625,26.5,123.5
2024-04-05,"(0,0)",24.2712498125,25.5,122.5
2024-04-05,"(0,1)",21.485624625,26.5,122.5
2024-04-05,"(1,0)",25.6268749375,25.5,123.5
2024-04-05,"(1,1)",22.421249875,26.5,123.5
2024-04-06,"(0,0)",24.299999875,25.5,122.5
2024-04-06,"(0,1)",21.5862498125,26.5,122.5
2024-04-06,"(1,0)",25.7143748125,25.5,123.5
2024-04-06,"(1,1)",22.40374975,26.5,123.5
2024-04-07,"(0,0)",24.2168746875,25.5,122.5
2024-04-07,"(0,1)",21.4587499375,26.5,122.5
2024-04-07,"(1,0)",25.7731246875,25.5,123.5
2024-04-07,"(1,1)",22.483749625,26.5,123.5
2024-04-08,"(0,0)",24.19187475,25.5,122.5
2024-04-08,"(0,1)",21.5999996875,26.5,122.5
2024-04-08,"(1,0)",25.5524998125,25.5,123.5
2024-04-08,"(1,1)",22.1231248125,26.5,123.5
2024-04-09,"(0,0)",25.0393745,25.5,122.5
2024-04-09,"(0,1)",21.7918745625,26.5,122.5
2024-04-09,"(1,0)",25.96687475,25.5,123.5
2024-04-09,"(1,1)",22.02187475,26.5,123.5
2024-04-10,"(0,0)",25.642499375,25.5,122.5
2024-04-10,"(0,1)",23.03062475,26.5,122.5
2024-04-10,"(1,0)",26.3631245625,25.5,123.5
2024-04-10,"(1,1)",22.421249687499998,26.5,123.5
2024-04-11,"(0,0)",24.9262496875,25.5,122.5
2024-04-11,"(0,1)",22.55562475,26.5,122.5
2024-04-11,"(1,0)",26.03374975,25.5,123.5
2024-04-11,"(1,1)",22.197499625,26.5,123.5
2024-04-12,"(0,0)",24.971874875,25.5,122.5
2024-04-12,"(0,1)",22.723749625,26.5,122.5
2024-04-12,"(1,0)",26.1181245,25.5,123.5
2024-04-12,"(1,1)",22.4156248125,26.5,123.5
2024-04-13,"(0,0)",25.1887495625,25.5,122.5
2024-04-13,"(0,1)",23.1174998125,26.5,122.5
2024-04-13,"(1,0)",26.334999875,25.5,123.5
2024-04-13,"(1,1)",22.783749875,26.5,123.5
2024-04-14,"(0,0)",25.384374875,25.5,122.5
2024-04-14,"(0,1)",23.439999874999998,26.5,122.5
2024-04-14,"(1,0)",26.4912495625,25.5,123.5
2024-04-14,"(1,1)",23.2556248125,26.5,123.5
2024-04-15,"(0,0)",25.550624625,25.5,122.5
2024-04-15,"(0,1)",23.559999625,26.5,122.5
2024-04-15,"(1,0)",26.72687475,25.5,123.5
2024-04-15,"(1,1)",23.46374975,26.5,123.5
2024-04-16,"(0,0)",25.7993745625,25.5,122.5
2024-04-16,"(0,1)",23.6968746875,26.5,122.5
2024-04-16,"(1,0)",26.884999625,25.5,123.5
2024-04-16,"(1,1)",23.673124875,26.5,123.5
2024-04-17,"(0,0)",26.13437475,25.5,122.5
2024-04-17,"(0,1)",23.8412498125,26.5,122.5
2024-04-17,"(1,0)",27.0687496875,25.5,123.5
2024-04-17,"(1,1)",23.816874625,26.5,123.5
2024-04-18,"(0,0)",26.089374625,25.5,122.5
2024-04-18,"(0,1)",23.6299998125,26.5,122.5
2024-04-18,"(1,0)",26.96187475,25.5,123.5
2024-04-18,"(1,1)",23.5881246875,26.5,123.5
2024-04-19,"(0,0)",26.03937475,25.5,122.5
2024-04-19,"(0,1)",23.6568746875,26.5,122.5
2024-04-19,"(1,0)",26.9331245625,25.5,123.5
2024-04-19,"(1,1)",23.98124975,26.5,123.5
2024-04-20,"(0,0)",26.204999625,25.5,122.5
2024-04-20,"(0,1)",23.8487496875,26.5,122.5
2024-04-20,"(1,0)",27.1212495625,25.5,123.5
2024-04-20,"(1,1)",24.1581246875,26.5,123.5
2024-04-21,"(0,0)",26.47124975,25.5,122.5
2024-04-21,"(0,1)",24.0081246875,26.5,122.5
2024-04-21,"(1,0)",27.32999975,25.5,123.5
2024-04-21,"(1,1)",24.530624625,26.5,123.5
2024-04-22,"(0,0)",26.207499625,25.5,122.5
2024-04-22,"(0,1)",24.0887495625,26.5,122.5
2024-04-22,"(1,0)",27.4349995625,25.5,123.5
2024-04-22,"(1,1)",24.659374624999998,26.5,123.5
2024-04-23,"(0,0)",26.6562496875,25.5,122.5
2024-04-23,"(0,1)",24.5212496875,26.5,122.5
2024-04-23,"(1,0)",27.608749500000002,25.5,123.5
2024-04-23,"(1,1)",25.103124625,26.5,123.5
2024-04-24,"(0,0)",26.3543745625,25.5,122.5
2024-04-24,"(0,1)",24.205624812499998,26.5,122.5
2024-04-24,"(1,0)",26.8224995,25.5,123.5
2024-04-24,"(1,1)",24.67937475,26.5,123.5
2024-04-25,"(0,0)",26.4943745,25.5,122.5
2024-04-25,"(0,1)",24.46562475,26.5,122.5
2024-04-25,"(1,0)",26.6893746875,25.5,123.5
2024-04-25,"(1,1)",23.86624975,26.5,123.5
2024-04-26,"(0,0)",26.308749875,25.5,122.5
2024-04-26,"(0,1)",24.0337496875,26.5,122.5
2024-04-26,"(1,0)",26.5599998125,25.5,123.5
2024-04-26,"(1,1)",24.128124624999998,26.5,123.5
2024-04-27,"(0,0)",26.38812475,25.5,122.5
2024-04-27,"(0,1)",24.2793746875,26.5,122.5
2024-04-27,"(1,0)",27.19687425,25.5,123.5
2024-04-27,"(1,1)",24.7943748125,26.5,123.5
2024-04-28,"(0,0)",26.373749749999998,25.5,122.5
2024-04-28,"(0,1)",24.4424996875,26.5,122.5
2024-04-28,"(1,0)",27.409374875,25.5,123.5
2024-04-28,"(1,1)",25.1387496875,26.5,123.5
2024-04-29,"(0,0)",26.3631246875,25.5,122.5
2024-04-29,"(0,1)",24.585624624999998,26.5,122.5
2024-04-29,"(1,0)",27.5074996875,25.5,123.5
2024-04-29,"(1,1)",25.3162495625,26.5,123.5
2024-04-30,"(0,0)",26.2837496875,25.5,122.5
2024-04-30,"(0,1)",24.56749975,26.5,122.5
2024-04-30,"(1,0)",27.4431246875,25.5,123.5
2024-04-30,"(1,1)",25.3812496875,26.5,123.5
2024-05-01,"(0,0)",25.943749875,25.5,122.5
2024-05-01,"(0,1)",24.2006249375,26.5,122.5
2024-05-01,"(1,0)",27.342499625,25.5,123.5
2024-05-01,"(1,1)",25.059999625,26.5,123.5
2024-05-02,"(0,0)",25.6899996875,25.5,122.5
2024-05-02,"(0,1)",24.1218745,26.5,122.5
2024-05-02,"(1,0)",26.9731249375,25.5,123.5
2024-05-02,"(1,1)",24.71187475,26.5,123.5
2024-05-03,"(0,0)",25.8081244375,25.5,122.5
2024-05-03,"(0,1)",24.1537496875,26.5,122.5
2024-05-03,"(1,0)",26.9693746875,25.5,123.5
2024-05-03,"(1,1)",24.66937475,26.5,123.5
2024-05-04,"(0,0)",25.977499625,25.5,122.5
2024-05-04,"(0,1)",24.5318748125,26.5,122.5
2024-05-04,"(1,0)",27.1818745625,25.5,123.5
2024-05-04,"(1,1)",24.9799998125,26.5,123.5
2024-05-05,"(0,0)",26.133124625,25.5,122.5
2024-05-05,"(0,1)",24.775624875,26.5,122.5
2024-05-05,"(1,0)",27.376874875,25.5,123.5
2024-05-05,"(1,1)",25.1956248125,26.5,123.5
2024-05-06,"(0,0)",26.1056245,25.5,122.5
2024-05-06,"(0,1)",24.723749625,26.5,122.5
2024-05-06,"(1,0)",27.4531248125,25.5,123.5
2024-05-06,"(1,1)",25.11125,26.5,123.5
2024-05-07,"(0,0)",26.1181245,25.5,122.5
2024-05-07,"(0,1)",24.8299995,26.5,122.5
2024-05-07,"(1,0)",27.536249625,25.5,123.5
2024-05-07,"(1,1)",25.2493746875,26.5,123.5
2024-05-08,"(0,0)",25.9024995,25.5,122.5
2024-05-08,"(0,1)",24.8056245625,26.5,122.5
2024-05-08,"(1,0)",27.4818749375,25.5,123.5
2024-05-08,"(1,1)",25.24874975,26.5,123.5
2024-05-09,"(0,0)",25.92249975,25.5,122.5
2024-05-09,"(0,1)",24.78687475,26.5,122.5
2024-05-09,"(1,0)",27.4824995,25.5,123.5
2024-05-09,"(1,1)",25.283124625,26.5,123.5
2024-05-10,"(0,0)",25.7993743125,25.5,122.5
2024-05-10,"(0,1)",24.708124625,26.5,122.5
2024-05-10,"(1,0)",27.403124625,25.5,123.5
2024-05-10,"(1,1)",25.32187475,26.5,123.5
2024-05-11,"(0,0)",25.6912496875,25.5,122.5
2024-05-11,"(0,1)",24.8424996875,26.5,122.5
2024-05-11,"(1,0)",27.3637495,25.5,123.5
2024-05-11,"(1,1)",25.369374625,26.5,123.5
2024-05-12,"(0,0)",25.7393748125,25.5,122.5
2024-05-12,"(0,1)",24.8643746875,26.5,122.5
2024-05-12,"(1,0)",27.386249499999998,25.5,123.5
2024-05-12,"(1,1)",25.3931245625,26.5,123.5
2024-05-13,"(0,0)",25.1943745625,25.5,122.5
2024-05-13,"(0,1)",24.4956248125,26.5,122.5
2024-05-13,"(1,0)",27.029999812499998,25.5,123.5
2024-05-13,"(1,1)",24.991874625,26.5,123.5
2024-05-14,"(0,0)",24.978124625,25.5,122.5
2024-05-14,"(0,1)",24.2937498125,26.5,122.5
2024-05-14,"(1,0)",26.95562475,25.5,123.5
2024-05-14,"(1,1)",24.8037496875,26.5,123.5
2024-05-15,"(0,0)",25.105,25.5,122.5
2024-05-15,"(0,1)",24.2399995625,26.5,122.5
2024-05-15,"(1,0)",26.9774996875,25.5,123.5
2024-05-15,"(1,1)",24.781249625,26.5,123.5
2024-05-16,"(0,0)",25.143124812499998,25.5,122.5
2024-05-16,"(0,1)",24.1706248125,26.5,122.5
2024-05-16,"(1,0)",26.923124625,25.5,123.5
2024-05-16,"(1,1)",24.67437475,26.5,123.5
2024-05-17,"(0,0)",25.4231248125,25.5,122.5
2024-05-17,"(0,1)",24.1974998125,26.5,122.5
2024-05-17,"(1,0)",27.05374975,25.5,123.5
2024-05-17,"(1,1)",24.694999875,26.5,123.5
2024-05-18,"(0,0)",25.7287495625,25.5,122.5
2024-05-18,"(0,1)",24.269374875,26.5,122.5
2024-05-18,"(1,0)",27.165624875,25.5,123.5
2024-05-18,"(1,1)",24.8212494375,26.5,123.5
2024-05-19,"(0,0)",25.90062475,25.5,122.5
2024-05-19,"(0,1)",24.2712496875,26.5,122.5
2024-05-19,"(1,0)",27.2818746875,25.5,123.5
2024-05-19,"(1,1)",24.95687475,26.5,123.5
2024-05-20,"(0,0)",25.99812475,25.5,122.5
2024-05-20,"(0,1)",24.2531246875,26.5,122.5
2024-05-20,"(1,0)",27.206874875,25.5,123.5
2024-05-20,"(1,1)",25.0506246875,26.5,123.5
2024-05-21,"(0,0)",25.8568748125,25.5,122.5
2024-05-21,"(0,1)",24.4687496875,26.5,122.5
2024-05-21,"(1,0)",26.93062475,25.5,123.5
2024-05-21,"(1,1)",25.321249875,26.5,123.5
2024-05-22,"(0,0)",26.0281245625,25.5,122.5
2024-05-22,"(0,1)",24.7537499375,26.5,122.5
2024-05-22,"(1,0)",27.11312475,25.5,123.5
2024-05-22,"(1,1)",25.393749687499998,26.5,123.5
2024-05-23,"(0,0)",26.003749625,25.5,122.5
2024-05-23,"(0,1)",24.891874625,26.5,122.5
2024-05-23,"(1,0)",27.0687498125,25.5,123.5
2024-05-23,"(1,1)",25.4468744375,26.5,123.5
2024-05-24,"(0,0)",26.08624975,25.5,122.5
2024-05-24,"(0,1)",24.9718745,26.5,122.5
2024-05-24,"(1,0)",27.32999975,25.5,123.5
2024-05-24,"(1,1)",25.670624625,26.5,123.5
2024-05-25,"(0,0)",26.6093746875,25.5,122.5
2024-05-25,"(0,1)",25.3681246875,26.5,122.5
2024-05-25,"(1,0)",27.721249625,25.5,123.5
2024-05-25,"(1,1)",26.193749875,26.5,123.5
2024-05-26,"(0,0)",26.7181245625,25.5,122.5
2024-05-26,"(0,1)",25.444374625,26.5,122.5
2024-05-26,"(1,0)",27.8712495,25.5,123.5
2024-05-26,"(1,1)",26.3149996875,26.5,123.5
2024-05-27,"(0,0)",26.4924995,25.5,122.5
2024-05-27,"(0,1)",25.157499625,26.5,122.5
2024-05-27,"(1,0)",27.8568746875,25.5,123.5
2024-05-27,"(1,1)",25.8968746875,26.5,123.5
2024-05-28,"(0,0)",25.8762498125,25.5,122.5
2024-05-28,"(0,1)",24.6887499375,26.5,122.5
2024-05-28,"(1,0)",27.87999975,25.5,123.5
2024-05-28,"(1,1)",25.491874875,26.5,123.5
2024-05-29,"(0,0)",25.85312475,25.5,122.5
2024-05-29,"(0,1)",24.726249875,26.5,122.5
2024-05-29,"(1,0)",27.7874994375,25.5,123.5
2024-05-29,"(1,1)",25.529999625,26.5,123.5
2024-05-30,"(0,0)",26.0031244375,25.5,122.5
2024-05-30,"(0,1)",24.928749875,26.5,122.5
2024-05-30,"(1,0)",27.7556248125,25.5,123.5
2024-05-30,"(1,1)",25.654374625,26.5,123.5
2024-05-31,"(0,0)",26.2362498125,25.5,122.5
2024-05-31,"(0,1)",25.0668746875,26.5,122.5
2024-05-31,"(1,0)",27.81312475,25.5,123.5
2024-05-31,"(1,1)",25.63874975,26.5,123.5
2024-06-01,"(0,0)",26.3774996875,25.5,122.5
2024-06-01,"(0,1)",25.02874975,26.5,122.5
2024-06-01,"(1,0)",28.0899996875,25.5,123.5
2024-06-01,"(1,1)",25.6049996875,26.5,123.5
2024-06-02,"(0,0)",26.296249624999998,25.5,122.5
2024-06-02,"(0,1)",24.8837498125,26.5,122.5
2024-06-02,"(1,0)",28.26874975,25.5,123.5
2024-06-02,"(1,1)",25.5668744375,26.5,123.5
2024-06-03,"(0,0)",26.3349998125,25.5,122.5
2024-06-03,"(0,1)",24.9056243125,26.5,122.5
2024-06-03,"(1,0)",28.2356244375,25.5,123.5
2024-06-03,"(1,1)",25.5087498125,26.5,123.5
2024-06-04,"(0,0)",26.58937475,25.5,122.5
2024-06-04,"(0,1)",24.84499975,26.5,122.5
2024-06-04,"(1,0)",28.28687475,25.5,123.5
2024-06-04,"(1,1)",25.4537495625,26.5,123.5
2024-06-05,"(0,0)",26.6356245625,25.5,122.5
2024-06-05,"(0,1)",24.8431248125,26.5,122.5
2024-06-05,"(1,0)",28.194999624999998,25.5,123.5
2024-06-05,"(1,1)",25.443749937499998,26.5,123.5
2024-06-06,"(0,0)",26.4799998125,25.5,122.5
2024-06-06,"(0,1)",25.4081248125,26.5,122.5
2024-06-06,"(1,0)",28.128124624999998,25.5,123.5
2024-06-06,"(1,1)",25.882499625,26.5,123.5
2024-06-07,"(0,0)",26.4668745,25.5,122.5
2024-06-07,"(0,1)",25.5756248125,26.5,122.5
2024-06-07,"(1,0)",28.2956245625,25.5,123.5
2024-06-07,"(1,1)",26.1549996875,26.5,123.5
2024-06-08,"(0,0)",26.657499875,25.5,122.5
2024-06-08,"(0,1)",25.7124996875,26.5,122.5
2024-06-08,"(1,0)",28.445624375,25.5,123.5
2024-06-08,"(1,1)",26.2018745625,26.5,123.5
2024-06-09,"(0,0)",26.8799994375,25.5,122.5
2024-06-09,"(0,1)",25.724999812500002,26.5,122.5
2024-06-09,"(1,0)",28.5274995,25.5,123.5
2024-06-09,"(1,1)",26.2712496875,26.5,123.5
2024-06-10,"(0,0)",27.3356248125,25.5,122.5
2024-06-10,"(0,1)",25.796874875,26.5,122.5
2024-06-10,"(1,0)",28.8381248125,25.5,123.5
2024-06-10,"(1,1)",26.405624562499998,26.5,123.5
2024-06-11,"(0,0)",27.4824996875,25.5,122.5
2024-06-11,"(0,1)",26.046874437499998,26.5,122.5
2024-06-11,"(1,0)",29.12562475,25.5,123.5
2024-06-11,"(1,1)",26.6274995625,26.5,123.5
2024-06-12,"(0,0)",27.5718745,25.5,122.5
2024-06-12,"(0,1)",25.9781246875,26.5,122.5
2024-06-12,"(1,0)",29.126874625,25.5,123.5
2024-06-12,"(1,1)",26.5331245625,26.5,123.5
2024-06-13,"(0,0)",27.6324995625,25.5,122.5
2024-06-13,"(0,1)",25.886874625,26.5,122.5
2024-06-13,"(1,0)",29.26249975,25.5,123.5
2024-06-13,"(1,1)",26.49749975,26.5,123.5
2024-06-14,"(0,0)",27.673124625,25.5,122.5
2024-06-14,"(0,1)",25.9293748125,26.5,122.5
2024-06-14,"(1,0)",29.245624687499998,25.5,123.5
2024-06-14,"(1,1)",26.650624625,26.5,123.5
2024-06-15,"(0,0)",27.6906248125,25.5,122.5
2024-06-15,"(0,1)",26.10749975,26.5,122.5
2024-06-15,"(1,0)",29.1806245,25.5,123.5
2024-06-15,"(1,1)",26.744999749999998,26.5,123.5
2024-06-16,"(0,0)",27.828749625,25.5,122.5
2024-06-16,"(0,1)",26.2356246875,26.5,122.5
2024-06-16,"(1,0)",29.04874975,25.5,123.5
2024-06-16,"(1,1)",26.69999975,26.5,123.5
2024-06-17,"(0,0)",27.45499975,25.5,122.5
2024-06-17,"(0,1)",26.269374499999998,26.5,122.5
2024-06-17,"(1,0)",28.8956246875,25.5,123.5
2024-06-17,"(1,1)",26.7437495625,26.5,123.5
2024-06-18,"(0,0)",27.6149994375,25.5,122.5
2024-06-18,"(0,1)",26.26437475,26.5,122.5
2024-06-18,"(1,0)",28.9256246875,25.5,123.5
2024-06-18,"(1,1)",26.8243746875,26.5,123.5
2024-06-19,"(0,0)",27.659374875,25.5,122.5
2024-06-19,"(0,1)",26.2968745625,26.5,122.5
2024-06-19,"(1,0)",28.971874562500002,25.5,123.5
2024-06-19,"(1,1)",26.8268748125,26.5,123.5
2024-06-20,"(0,0)",27.635624812499998,25.5,122.5
2024-06-20,"(0,1)",26.4143745,26.5,122.5
2024-06-20,"(1,0)",28.9212495,25.5,123.5
2024-06-20,"(1,1)",26.83374975,26.5,123.5
2024-06-21,"(0,0)",27.6731245,25.5,122.5
2024-06-21,"(0,1)",26.6556245,26.5,122.5
2024-06-21,"(1,0)",28.7918744375,25.5,123.5
2024-06-21,"(1,1)",26.901874562499998,26.5,123.5
2024-06-22,"(0,0)",27.90374975,25.5,122.5
2024-06-22,"(0,1)",27.0524995625,26.5,122.5
2024-06-22,"(1,0)",28.8449995,25.5,123.5
2024-06-22,"(1,1)",27.0762496875,26.5,123.5
2024-06-23,"(0,0)",28.0274996875,25.5,122.5
2024-06-23,"(0,1)",27.371249875,26.5,122.5
2024-06-23,"(1,0)",28.9949995625,25.5,123.5
2024-06-23,"(1,1)",27.277499625,26.5,123.5
2024-06-24,"(0,0)",28.28187475,25.5,122.5
2024-06-24,"(0,1)",27.7756248125,26.5,122.5
2024-06-24,"(1,0)",29.128749437499998,25.5,123.5
2024-06-24,"(1,1)",27.6143745625,26.5,123.5
2024-06-25,"(0,0)",28.534374749999998,25.5,122.5
2024-06-25,"(0,1)",28.2524996875,26.5,122.5
2024-06-25,"(1,0)",29.3124996875,25.5,123.5
2024-06-25,"(1,1)",27.920624749999998,26.5,123.5
2024-06-26,"(0,0)",28.660624625,25.5,122.5
2024-06-26,"(0,1)",28.48999975,26.5,122.5
2024-06-26,"(1,0)",29.4174995,25.5,123.5
2024-06-26,"(1,1)",28.093124625,26.5,123.5
2024-06-27,"(0,0)",28.79124975,25.5,122.5
2024-06-27,"(0,1)",28.654374875000002,26.5,122.5
2024-06-27,"(1,0)",29.511874562499997,25.5,123.5
2024-06-27,"(1,1)",28.26249975,26.5,123.5
2024-06-28,"(0,0)",29.0199995625,25.5,122.5
2024-06-28,"(0,1)",28.9006246875,26.5,122.5
2024-06-28,"(1,0)",29.623749687500002,25.5,123.5
2024-06-28,"(1,1)",28.47312475,26.5,123.5
2024-06-29,"(0,0)",29.0581241875,25.5,122.5
2024-06-29,"(0,1)",28.8531245625,26.5,122.5
2024-06-29,"(1,0)",29.6899996875,25.5,123.5
2024-06-29,"(1,1)",28.5943745,26.5,123.5
2024-06-30,"(0,0)",28.9037495625,25.5,122.5
2024-06-30,"(0,1)",28.5781246875,26.5,122.5
2024-06-30,"(1,0)",29.6187495625,25.5,123.5
2024-06-30,"(1,1)",28.541874625,26.5,123.5
2024-07-01,"(0,0)",29.0468743125,25.5,122.5
2024-07-01,"(0,1)",28.6824995625,26.5,122.5
2024-07-01,"(1,0)",29.673124625,25.5,123.5
2024-07-01,"(1,1)",28.72437475,26.5,123.5
2024-07-02,"(0,0)",29.1787491875,25.5,122.5
2024-07-02,"(0,1)",28.811874562499998,26.5,122.5
2024-07-02,"(1,0)",29.779999812499998,25.5,123.5
2024-07-02,"(1,1)",28.9081245625,26.5,123.5
2024-07-03,"(0,0)",29.4199995,25.5,122.5
2024-07-03,"(0,1)",29.1824993125,26.5,122.5
2024-07-03,"(1,0)",29.9556246875,25.5,123.5
2024-07-03,"(1,1)",29.278124625,26.5,123.5
2024-07-04,"(0,0)",29.612499624999998,25.5,122.5
2024-07-04,"(0,1)",29.363124625,26.5,122.5
2024-07-04,"(1,0)",30.109374375,25.5,123.5
2024-07-04,"(1,1)",29.4524991875,26.5,123.5
2024-07-05,"(0,0)",29.726249625,25.5,122.5
2024-07-05,"(0,1)",29.543124312499998,26.5,122.5
2024-07-05,"(1,0)",30.26312475,25.5,123.5
2024-07-05,"(1,1)",29.606874625,26.5,123.5
2024-07-06,"(0,0)",29.7112496875,25.5,122.5
2024-07-06,"(0,1)",29.5262496875,26.5,122.5
2024-07-06,"(1,0)",30.3318745625,25.5,123.5
2024-07-06,"(1,1)",29.6012498125,26.5,123.5
2024-07-07,"(0,0)",29.88499925,25.5,122.5
2024-07-07,"(0,1)",29.6693748125,26.5,122.5
2024-07-07,"(1,0)",30.5487493125,25.5,123.5
2024-07-07,"(1,1)",29.7631244375,26.5,123.5
2024-07-08,"(0,0)",29.864999625,25.5,122.5
2024-07-08,"(0,1)",29.76874925,26.5,122.5
2024-07-08,"(1,0)",30.656874375,25.5,123.5
2024-07-08,"(1,1)",29.91062425,26.5,123.5
2024-07-09,"(0,0)",29.841249375,25.5,122.5
2024-07-09,"(0,1)",29.719374625,26.5,122.5
2024-07-09,"(1,0)",30.6243748125,25.5,123.5
2024-07-09,"(1,1)",29.8874994375,26.5,123.5
2024-07-10,"(0,0)",29.7337496875,25.5,122.5
2024-07-10,"(0,1)",29.598124625,26.5,122.5
2024-07-10,"(1,0)",30.5374993125,25.5,123.5
2024-07-10,"(1,1)",29.816249625,26.5,123.5
2024-07-11,"(0,0)",29.6493748125,25.5,122.5
2024-07-11,"(0,1)",29.5624995,26.5,122.5
2024-07-11,"(1,0)",30.51937475,25.5,123.5
2024-07-11,"(1,1)",29.8068748125,26.5,123.5
2024-07-12,"(0,0)",29.58874925,25.5,122.5
2024-07-12,"(0,1)",29.6006245625,26.5,122.5
2024-07-12,"(1,0)",30.4449995,25.5,123.5
2024-07-12,"(1,1)",29.8699995625,26.5,123.5
2024-07-13,"(0,0)",29.6337496875,25.5,122.5
2024-07-13,"(0,1)",29.635624625,26.5,122.5
2024-07-13,"(1,0)",30.27687475,25.5,123.5
2024-07-13,"(1,1)",29.818124625,26.5,123.5
2024-07-14,"(0,0)",29.6756245625,25.5,122.5
2024-07-14,"(0,1)",29.613124499999998,26.5,122.5
2024-07-14,"(1,0)",30.245624375,25.5,123.5
2024-07-14,"(1,1)",29.7256245625,26.5,123.5
2024-07-15,"(0,0)",29.721249375,25.5,122.5
2024-07-15,"(0,1)",29.6937493125,26.5,122.5
2024-07-15,"(1,0)",30.2912495,25.5,123.5
2024-07-15,"(1,1)",29.770624625,26.5,123.5
2024-07-16,"(0,0)",29.858124625,25.5,122.5
2024-07-16,"(0,1)",29.796249562499998,26.5,122.5
2024-07-16,"(1,0)",30.4024995625,25.5,123.5
2024-07-16,"(1,1)",29.878749437499998,26.5,123.5
2024-07-17,"(0,0)",30.098749625,25.5,122.5
2024-07-17,"(0,1)",29.9731245625,26.5,122.5
2024-07-17,"(1,0)",30.5374995,25.5,123.5
2024-07-17,"(1,1)",30.01999975,26.5,123.5
2024-07-18,"(0,0)",30.210624499999998,25.5,122.5
2024-07-18,"(0,1)",30.0756246875,26.5,122.5
2024-07-18,"(1,0)",30.5943745,25.5,123.5
2024-07-18,"(1,1)",30.1262495625,26.5,123.5
2024-07-19,"(0,0)",30.151874375,25.5,122.5
2024-07-19,"(0,1)",30.09937425,26.5,122.5
2024-07-19,"(1,0)",30.544374375,25.5,123.5
2024-07-19,"(1,1)",30.1693744375,26.5,123.5
2024-07-20,"(0,0)",30.0281243125,25.5,122.5
2024-07-20,"(0,1)",30.018749375,26.5,122.5
2024-07-20,"(1,0)",30.488749625,25.5,123.5
2024-07-20,"(1,1)",30.0868745,26.5,123.5
2024-07-21,"(0,0)",30.0031244375,25.5,122.5
2024-07-21,"(0,1)",30.0987496875,26.5,122.5
2024-07-21,"(1,0)",30.4656245625,25.5,123.5
2024-07-21,"(1,1)",30.0437496875,26.5,123.5
2024-07-22,"(0,0)",29.9831244375,25.5,122.5
2024-07-22,"(0,1)",30.12937425,26.5,122.5
2024-07-22,"(1,0)",30.443124125,25.5,123.5
2024-07-22,"(1,1)",30.06687475,26.5,123.5
2024-07-23,"(0,0)",29.9106248125,25.5,122.5
2024-07-23,"(0,1)",30.119999625,26.5,122.5
2024-07-23,"(1,0)",30.349374625,25.5,123.5
2024-07-23,"(1,1)",30.04999975,26.5,123.5
2024-07-24,"(0,0)",29.86562475,25.5,122.5
2024-07-24,"(0,1)",30.0587495,26.5,122.5
2024-07-24,"(1,0)",30.1806241875,25.5,123.5
2024-07-24,"(1,1)",30.0206245,26.5,123.5
2024-07-25,"(0,0)",29.582499625,25.5,122.5
2024-07-25,"(0,1)",29.526249687500002,26.5,122.5
2024-07-25,"(1,0)",29.86437475,25.5,123.5
2024-07-25,"(1,1)",29.6681245,26.5,123.5
2024-07-26,"(0,0)",28.10124975,25.5,122.5
2024-07-26,"(0,1)",28.7687496875,26.5,122.5
2024-07-26,"(1,0)",28.5306249375,25.5,123.5
2024-07-26,"(1,1)",28.5087494375,26.5,123.5
2024-07-27,"(0,0)",28.0624995625,25.5,122.5
2024-07-27,"(0,1)",28.758749625,26.5,122.5
2024-07-27,"(1,0)",28.5399995,25.5,123.5
2024-07-27,"(1,1)",28.526249749999998,26.5,123.5
2024-07-28,"(0,0)",28.0874995,25.5,122.5
2024-07-28,"(0,1)",28.616874499999998,26.5,122.5
2024-07-28,"(1,0)",28.5662498125,25.5,123.5
2024-07-28,"(1,1)",28.4868746875,26.5,123.5
2024-07-29,"(0,0)",28.131874625,25.5,122.5
2024-07-29,"(0,1)",28.428749687499998,26.5,122.5
2024-07-29,"(1,0)",28.5862496875,25.5,123.5
2024-07-29,"(1,1)",28.3862494375,26.5,123.5
2024-07-30,"(0,0)",28.1962493125,25.5,122.5
2024-07-30,"(0,1)",28.264374625,26.5,122.5
2024-07-30,"(1,0)",28.6812496875,25.5,123.5
2024-07-30,"(1,1)",28.35624975,26.5,123.5
2024-07-31,"(0,0)",28.46187475,25.5,122.5
2024-07-31,"(0,1)",28.3831244375,26.5,122.5
2024-07-31,"(1,0)",28.9412498125,25.5,123.5
2024-07-31,"(1,1)",28.495624875,26.5,123.5
2024-08-01,"(0,0)",28.863749375,25.5,122.5
2024-08-01,"(0,1)",28.616249687499998,26.5,122.5
2024-08-01,"(1,0)",29.4081246875,25.5,123.5
2024-08-01,"(1,1)",28.7268748125,26.5,123.5
2024-08-02,"(0,0)",29.2912490625,25.5,122.5
2024-08-02,"(0,1)",28.8749998125,26.5,122.5
2024-08-02,"(1,0)",29.9424998125,25.5,123.5
2024-08-02,"(1,1)",29.0581246875,26.5,123.5
2024-08-03,"(0,0)",29.5787495,25.5,122.5
2024-08-03,"(0,1)",29.186874875,26.5,122.5
2024-08-03,"(1,0)",30.2743740625,25.5,123.5
2024-08-03,"(1,1)",29.4962496875,26.5,123.5
2024-08-04,"(0,0)",29.7268745,25.5,122.5
2024-08-04,"(0,1)",29.5374995625,26.5,122.5
2024-08-04,"(1,0)",30.2912498125,25.5,123.5
2024-08-04,"(1,1)",29.829999625,26.5,123.5
2024-08-05,"(0,0)",29.861249375,25.5,122.5
2024-08-05,"(0,1)",29.8331243125,26.5,122.5
2024-08-05,"(1,0)",30.3099991875,25.5,123.5
2024-08-05,"(1,1)",29.8074995,26.5,123.5
2024-08-06,"(0,0)",29.99937475,25.5,122.5
2024-08-06,"(0,1)",29.8337495625,26.5,122.5
2024-08-06,"(1,0)",30.3674995625,25.5,123.5
2024-08-06,"(1,1)",29.9724998125,26.5,123.5
2024-08-07,"(0,0)",29.8668745625,25.5,122.5
2024-08-07,"(0,1)",29.833749625,26.5,122.5
2024-08-07,"(1,0)",30.3368745,25.5,123.5
2024-08-07,"(1,1)",29.9624998125,26.5,123.5
2024-08-08,"(0,0)",29.6912496875,25.5,122.5
2024-08-08,"(0,1)",29.8881243125,26.5,122.5
2024-08-08,"(1,0)",30.3137494375,25.5,123.5
2024-08-08,"(1,1)",29.979999375,26.5,123.5
2024-08-09,"(0,0)",29.8299996875,25.5,122.5
2024-08-09,"(0,1)",30.0949995625,26.5,122.5
2024-08-09,"(1,0)",30.3437495625,25.5,123.5
2024-08-09,"(1,1)",30.1437498125,26.5,123.5
2024-08-10,"(0,0)",30.0231246875,25.5,122.5
2024-08-10,"(0,1)",30.184999625,26.5,122.5
2024-08-10,"(1,0)",30.50687475,25.5,123.5
2024-08-10,"(1,1)",30.288124875,26.5,123.5
2024-08-11,"(0,0)",30.1606245,25.5,122.5
2024-08-11,"(0,1)",30.079999625,26.5,122.5
2024-08-11,"(1,0)",30.775624875,25.5,123.5
2024-08-11,"(1,1)",30.3131245,26.5,123.5
2024-08-12,"(0,0)",30.221874375,25.5,122.5
2024-08-12,"(0,1)",30.0331245,26.5,122.5
2024-08-12,"(1,0)",30.831874625,25.5,123.5
2024-08-12,"(1,1)",30.3306244375,26.5,123.5
2024-08-13,"(0,0)",30.2881245625,25.5,122.5
2024-08-13,"(0,1)",29.9799996875,26.5,122.5
2024-08-13,"(1,0)",30.9618745625,25.5,123.5
2024-08-13,"(1,1)",30.334374625,26.5,123.5
2024-08-14,"(0,0)",30.3543744375,25.5,122.5
2024-08-14,"(0,1)",29.915624125,26.5,122.5
2024-08-14,"(1,0)",30.9799994375,25.5,123.5
2024-08-14,"(1,1)",30.3199995625,26.5,123.5
2024-08-15,"(0,0)",30.330624375,25.5,122.5
2024-08-15,"(0,1)",29.9049995,26.5,122.5
2024-08-15,"(1,0)",30.9574995,25.5,123.5
2024-08-15,"(1,1)",30.248124375,26.5,123.5
2024-08-16,"(0,0)",30.2462496875,25.5,122.5
2024-08-16,"(0,1)",29.878749625,26.5,122.5
2024-08-16,"(1,0)",30.823749375,25.5,123.5
2024-08-16,"(1,1)",30.1581245625,26.5,123.5
2024-08-17,"(0,0)",29.9462494375,25.5,122.5
2024-08-17,"(0,1)",29.9431245625,26.5,122.5
2024-08-17,"(1,0)",30.537499625,25.5,123.5
2024-08-17,"(1,1)",30.0487495,26.5,123.5
2024-08-18,"(0,0)",29.6706245,25.5,122.5
2024-08-18,"(0,1)",29.914374625,26.5,122.5
2024-08-18,"(1,0)",30.2168745,25.5,123.5
2024-08-18,"(1,1)",29.9318745625,26.5,123.5
2024-08-19,"(0,0)",29.4937495625,25.5,122.5
2024-08-19,"(0,1)",29.558124625,26.5,122.5
2024-08-19,"(1,0)",29.9231246875,25.5,123.5
2024-08-19,"(1,1)",29.6987494375,26.5,123.5
2024-08-20,"(0,0)",29.4756245625,25.5,122.5
2024-08-20,"(0,1)",29.410624375,26.5,122.5
2024-08-20,"(1,0)",29.8443743125,25.5,123.5
2024-08-20,"(1,1)",29.6256245,26.5,123.5
2024-08-21,"(0,0)",29.4518744375,25.5,122.5
2024-08-21,"(0,1)",29.384374375,26.5,122.5
2024-08-21,"(1,0)",29.7531244375,25.5,123.5
2024-08-21,"(1,1)",29.5631248125,26.5,123.5
2024-08-22,"(0,0)",29.49812475,25.5,122.5
2024-08-22,"(0,1)",29.343749875,26.5,122.5
2024-08-22,"(1,0)",29.7668748125,25.5,123.5
2024-08-22,"(1,1)",29.633124375,26.5,123.5
2024-08-23,"(0,0)",29.4762495625,25.5,122.5
2024-08-23,"(0,1)",29.376874375,26.5,122.5
2024-08-23,"(1,0)",29.791249375,25.5,123.5
2024-08-23,"(1,1)",29.6806248125,26.5,123.5
2024-08-24,"(0,0)",29.4337490625,25.5,122.5
2024-08-24,"(0,1)",29.634374625,26.5,122.5
2024-08-24,"(1,0)",29.801874625,25.5,123.5
2024-08-24,"(1,1)",29.824374625,26.5,123.5
2024-08-25,"(0,0)",29.3456245625,25.5,122.5
2024-08-25,"(0,1)",29.953749625,26.5,122.5
2024-08-25,"(1,0)",29.8181244375,25.5,123.5
2024-08-25,"(1,1)",30.06312425,26.5,123.5
2024-08-26,"(0,0)",29.2499998125,25.5,122.5
2024-08-26,"(0,1)",29.8631245,26.5,122.5
2024-08-26,"(1,0)",29.7606246875,25.5,123.5
2024-08-26,"(1,1)",30.02374975,26.5,123.5
2024-08-27,"(0,0)",29.2599995625,25.5,122.5
2024-08-27,"(0,1)",29.727499875,26.5,122.5
2024-08-27,"(1,0)",29.738124499999998,25.5,123.5
2024-08-27,"(1,1)",29.9506246875,26.5,123.5
2024-08-28,"(0,0)",29.3531244375,25.5,122.5
2024-08-28,"(0,1)",29.6587496875,26.5,122.5
2024-08-28,"(1,0)",29.877499625,25.5,123.5
2024-08-28,"(1,1)",29.914999875,26.5,123.5
2024-08-29,"(0,0)",29.5974995,25.5,122.5
2024-08-29,"(0,1)",29.7899996875,26.5,122.5
2024-08-29,"(1,0)",30.2131243125,25.5,123.5
2024-08-29,"(1,1)",30.0131245,26.5,123.5
2024-08-30,"(0,0)",29.9468748125,25.5,122.5
2024-08-30,"(0,1)",30.0618745,26.5,122.5
2024-08-30,"(1,0)",30.4412490625,25.5,123.5
2024-08-30,"(1,1)",30.2349995,26.5,123.5
2024-08-31,"(0,0)",29.9618745,25.5,122.5
2024-08-31,"(0,1)",30.151874437500002,26.5,122.5
2024-08-31,"(1,0)",30.4662494375,25.5,123.5
2024-08-31,"(1,1)",30.2593745625,26.5,123.5
2024-09-01,"(0,0)",30.0787494375,25.5,122.5
2024-09-01,"(0,1)",30.3512495,26.5,122.5
2024-09-01,"(1,0)",30.62687425,25.5,123.5
2024-09-01,"(1,1)",30.4462495625,26.5,123.5
2024-09-02,"(0,0)",30.0781246875,25.5,122.5
2024-09-02,"(0,1)",30.3668745625,26.5,122.5
2024-09-02,"(1,0)",30.6112495625,25.5,123.5
2024-09-02,"(1,1)",30.407499625,26.5,123.5
2024-09-03,"(0,0)",30.07499975,25.5,122.5
2024-09-03,"(0,1)",30.323749624999998,26.5,122.5
2024-09-03,"(1,0)",30.5143745625,25.5,123.5
2024-09-03,"(1,1)",30.2668746875,26.5,123.5
2024-09-04,"(0,0)",29.9381248125,25.5,122.5
2024-09-04,"(0,1)",30.174999624999998,26.5,122.5
2024-09-04,"(1,0)",30.494374625,25.5,123.5
2024-09-04,"(1,1)",30.160624625,26.5,123.5
2024-09-05,"(0,0)",29.8737495,25.5,122.5
2024-09-05,"(0,1)",30.118749625,26.5,122.5
2024-09-05,"(1,0)",30.5037495625,25.5,123.5
2024-09-05,"(1,1)",30.101875,26.5,123.5
2024-09-06,"(0,0)",29.86562425,25.5,122.5
2024-09-06,"(0,1)",30.13874975,26.5,122.5
2024-09-06,"(1,0)",30.5287494375,25.5,123.5
2024-09-06,"(1,1)",30.1581248125,26.5,123.5
2024-09-07,"(0,0)",29.8193745,25.5,122.5
2024-09-07,"(0,1)",30.1262496875,26.5,122.5
2024-09-07,"(1,0)",30.432499625,25.5,123.5
2024-09-07,"(1,1)",30.166874749999998,26.5,123.5
2024-09-08,"(0,0)",29.7262496875,25.5,122.5
2024-09-08,"(0,1)",30.129999625,26.5,122.5
2024-09-08,"(1,0)",30.3806245625,25.5,123.5
2024-09-08,"(1,1)",30.1981245,26.5,123.5
2024-09-09,"(0,0)",29.6549995,25.5,122.5
2024-09-09,"(0,1)",30.0743744375,26.5,122.5
2024-09-09,"(1,0)",30.321249875,25.5,123.5
2024-09-09,"(1,1)",30.175624437499998,26.5,123.5
2024-09-10,"(0,0)",29.453749375,25.5,122.5
2024-09-10,"(0,1)",29.8968745625,26.5,122.5
2024-09-10,"(1,0)",30.054999375,25.5,123.5
2024-09-10,"(1,1)",30.0256244375,26.5,123.5
2024-09-11,"(0,0)",29.4493745625,25.5,122.5
2024-09-11,"(0,1)",29.7299995625,26.5,122.5
2024-09-11,"(1,0)",30.00437475,25.5,123.5
2024-09-11,"(1,1)",29.9218744375,26.5,123.5
2024-09-12,"(0,0)",29.4006248125,25.5,122.5
2024-09-12,"(0,1)",29.5862495,26.5,122.5
2024-09-12,"(1,0)",29.9081245,25.5,123.5
2024-09-12,"(1,1)",29.7362494375,26.5,123.5
2024-09-13,"(0,0)",29.3243745625,25.5,122.5
2024-09-13,"(0,1)",29.45062425,26.5,122.5
2024-09-13,"(1,0)",29.8162496875,25.5,123.5
2024-09-13,"(1,1)",29.6262493125,26.5,123.5
2024-09-14,"(0,0)",29.2162493125,25.5,122.5
2024-09-14,"(0,1)",29.358124625,26.5,122.5
2024-09-14,"(1,0)",29.689999625,25.5,123.5
2024-09-14,"(1,1)",29.5431246875,26.5,123.5
2024-09-15,"(0,0)",29.238749374999998,25.5,122.5
2024-09-15,"(0,1)",29.261249875,26.5,122.5
2024-09-15,"(1,0)",29.721249625,25.5,123.5
2024-09-15,"(1,1)",29.5568745625,26.5,123.5
2024-09-16,"(0,0)",29.1249996875,25.5,122.5
2024-09-16,"(0,1)",29.217499625,26.5,122.5
2024-09-16,"(1,0)",29.6693744375,25.5,123.5
2024-09-16,"(1,1)",29.5043745625,26.5,123.5
2024-09-17,"(0,0)",28.9006246875,25.5,122.5
2024-09-17,"(0,1)",29.032499625,26.5,122.5
2024-09-17,"(1,0)",29.4787495,25.5,123.5
2024-09-17,"(1,1)",29.2924994375,26.5,123.5
2024-09-18,"(0,0)",28.881874375,25.5,122.5
2024-09-18,"(0,1)",29.0256245625,26.5,122.5
2024-09-18,"(1,0)",29.5156246875,25.5,123.5
2024-09-18,"(1,1)",29.2993746875,26.5,123.5
2024-09-19,"(0,0)",28.7943746875,25.5,122.5
2024-09-19,"(0,1)",28.9649996875,26.5,122.5
2024-09-19,"(1,0)",29.40874925,25.5,123.5
2024-09-19,"(1,1)",29.226874625,26.5,123.5
2024-09-20,"(0,0)",28.7499994375,25.5,122.5
2024-09-20,"(0,1)",28.921249749999998,26.5,122.5
2024-09-20,"(1,0)",29.342499749999998,25.5,123.5
2024-09-20,"(1,1)",29.1356241875,26.5,123.5
2024-09-21,"(0,0)",28.7549995,25.5,122.5
2024-09-21,"(0,1)",28.91624975,26.5,122.5
2024-09-21,"(1,0)",29.3312495,25.5,123.5
2024-09-21,"(1,1)",29.1549995625,26.5,123.5
2024-09-22,"(0,0)",28.2668746875,25.5,122.5
2024-09-22,"(0,1)",28.8343744375,26.5,122.5
2024-09-22,"(1,0)",28.7618748125,25.5,123.5
2024-09-22,"(1,1)",29.1481244375,26.5,123.5
2024-09-23,"(0,0)",28.3931245,25.5,122.5
2024-09-23,"(0,1)",28.636249562499998,26.5,122.5
2024-09-23,"(1,0)",28.79374975,25.5,123.5
2024-09-23,"(1,1)",28.70312475,26.5,123.5
2024-09-24,"(0,0)",28.4824995625,25.5,122.5
2024-09-24,"(0,1)",28.129374625,26.5,122.5
2024-09-24,"(1,0)",28.9937496875,25.5,123.5
2024-09-24,"(1,1)",28.489999625,26.5,123.5
2024-09-25,"(0,0)",28.433749562499997,25.5,122.5
2024-09-25,"(0,1)",27.954999625,26.5,122.5
2024-09-25,"(1,0)",29.0993745625,25.5,123.5
2024-09-25,"(1,1)",28.503124624999998,26.5,123.5
2024-09-26,"(0,0)",28.3374995,25.5,122.5
2024-09-26,"(0,1)",28.015624374999998,26.5,122.5
2024-09-26,"(1,0)",29.1749995625,25.5,123.5
2024-09-26,"(1,1)",28.5637496875,26.5,123.5
2024-09-27,"(0,0)",28.177499375,25.5,122.5
2024-09-27,"(0,1)",27.8299995625,26.5,122.5
2024-09-27,"(1,0)",28.9874995,25.5,123.5
2024-09-27,"(1,1)",28.4181245625,26.5,123.5
2024-09-28,"(0,0)",28.06374975,25.5,122.5
2024-09-28,"(0,1)",27.6731245,26.5,122.5
2024-09-28,"(1,0)",28.79374975,25.5,123.5
2024-09-28,"(1,1)",28.210624625,26.5,123.5
2024-09-29,"(0,0)",28.2018745625,25.5,122.5
2024-09-29,"(0,1)",27.6437494375,26.5,122.5
2024-09-29,"(1,0)",28.888749625,25.5,123.5
2024-09-29,"(1,1)",28.21937475,26.5,123.5
2024-09-30,"(0,0)",28.1468745,25.5,122.5
2024-09-30,"(0,1)",27.4924995625,26.5,122.5
2024-09-30,"(1,0)",28.883749625,25.5,123.5
2024-09-30,"(1,1)",28.1412495625,26.5,123.5
2024-10-01,"(0,0)",27.9124996875,25.5,122.5
2024-10-01,"(0,1)",27.4174998125,26.5,122.5
2024-10-01,"(1,0)",28.81749975,25.5,123.5
2024-10-01,"(1,1)",28.09749975,26.5,123.5
2024-10-02,"(0,0)",27.95499975,25.5,122.5
2024-10-02,"(0,1)",27.3074998125,26.5,122.5
2024-10-02,"(1,0)",28.8406245,25.5,123.5
2024-10-02,"(1,1)",28.0162495625,26.5,123.5
2024-10-03,"(0,0)",28.1199996875,25.5,122.5
2024-10-03,"(0,1)",27.3806244375,26.5,122.5
2024-10-03,"(1,0)",28.86437475,25.5,123.5
2024-10-03,"(1,1)",28.0149995,26.5,123.5
2024-10-04,"(0,0)",28.1124995625,25.5,122.5
2024-10-04,"(0,1)",27.3818745625,26.5,122.5
2024-10-04,"(1,0)",28.8399995,25.5,123.5
2024-10-04,"(1,1)",28.0143745625,26.5,123.5
2024-10-05,"(0,0)",27.99749975,25.5,122.5
2024-10-05,"(0,1)",27.401874499999998,26.5,122.5
2024-10-05,"(1,0)",28.8237495625,25.5,123.5
2024-10-05,"(1,1)",28.052499625,26.5,123.5
2024-10-06,"(0,0)",27.7999996875,25.5,122.5
2024-10-06,"(0,1)",27.4149995,26.5,122.5
2024-10-06,"(1,0)",28.7924996875,25.5,123.5
2024-10-06,"(1,1)",28.0631248125,26.5,123.5
2024-10-07,"(0,0)",27.7424998125,25.5,122.5
2024-10-07,"(0,1)",27.284999625,26.5,122.5
2024-10-07,"(1,0)",28.72374975,25.5,123.5
2024-10-07,"(1,1)",27.99187475,26.5,123.5
2024-10-08,"(0,0)",27.38437475,25.5,122.5
2024-10-08,"(0,1)",27.026249812499998,26.5,122.5
2024-10-08,"(1,0)",28.5662498125,25.5,123.5
2024-10-08,"(1,1)",27.841874625,26.5,123.5
2024-10-09,"(0,0)",26.7943745,25.5,122.5
2024-10-09,"(0,1)",26.8799995625,26.5,122.5
2024-10-09,"(1,0)",28.16249975,25.5,123.5
2024-10-09,"(1,1)",27.459999625000002,26.5,123.5
2024-10-10,"(0,0)",26.7518746875,25.5,122.5
2024-10-10,"(0,1)",26.7937496875,26.5,122.5
2024-10-10,"(1,0)",27.9474995,25.5,123.5
2024-10-10,"(1,1)",27.2331245,26.5,123.5
2024-10-11,"(0,0)",26.8037496875,25.5,122.5
2024-10-11,"(0,1)",26.790624375,26.5,122.5
2024-10-11,"(1,0)",27.9406245,25.5,123.5
2024-10-11,"(1,1)",27.203124625,26.5,123.5
2024-10-12,"(0,0)",26.9306245,25.5,122.5
2024-10-12,"(0,1)",26.8343745625,26.5,122.5
2024-10-12,"(1,0)",27.9656245625,25.5,123.5
2024-10-12,"(1,1)",27.122499625,26.5,123.5
2024-10-13,"(0,0)",27.0137496875,25.5,122.5
2024-10-13,"(0,1)",26.9006246875,26.5,122.5
2024-10-13,"(1,0)",27.9324998125,25.5,123.5
2024-10-13,"(1,1)",27.0949994375,26.5,123.5
2024-10-14,"(0,0)",27.217499749999998,25.5,122.5
2024-10-14,"(0,1)",26.956249624999998,26.5,122.5
2024-10-14,"(1,0)",27.95124975,25.5,123.5
2024-10-14,"(1,1)",27.117499875,26.5,123.5
2024-10-15,"(0,0)",27.3999995625,25.5,122.5
2024-10-15,"(0,1)",27.05124975,26.5,122.5
2024-10-15,"(1,0)",28.066249625,25.5,123.5
2024-10-15,"(1,1)",27.2274995,26.5,123.5
2024-10-16,"(0,0)",27.4549994375,25.5,122.5
2024-10-16,"(0,1)",27.010624812499998,26.5,122.5
2024-10-16,"(1,0)",28.0768745625,25.5,123.5
2024-10-16,"(1,1)",27.27687425,26.5,123.5
2024-10-17,"(0,0)",27.51437475,25.5,122.5
2024-10-17,"(0,1)",27.0574996875,26.5,122.5
2024-10-17,"(1,0)",28.24687475,25.5,123.5
2024-10-17,"(1,1)",27.4181248125,26.5,123.5
2024-10-18,"(0,0)",27.5856245625,25.5,122.5
2024-10-18,"(0,1)",27.17687475,26.5,122.5
2024-10-18,"(1,0)",28.3643745625,25.5,123.5
2024-10-18,"(1,1)",27.6106249375,26.5,123.5
2024-10-19,"(0,0)",27.3474998125,25.5,122.5
2024-10-19,"(0,1)",26.963749625,26.5,122.5
2024-10-19,"(1,0)",28.253749625,25.5,123.5
2024-10-19,"(1,1)",27.469999625,26.5,123.5
2024-10-20,"(0,0)",26.9406244375,25.5,122.5
2024-10-20,"(0,1)",26.5924995625,26.5,122.5
2024-10-20,"(1,0)",28.177499875,25.5,123.5
2024-10-20,"(1,1)",27.2424995625,26.5,123.5
2024-10-21,"(0,0)",26.6931248125,25.5,122.5
2024-10-21,"(0,1)",26.4043745625,26.5,122.5
2024-10-21,"(1,0)",28.0793745,25.5,123.5
2024-10-21,"(1,1)",27.0906246875,26.5,123.5
2024-10-22,"(0,0)",26.4581245625,25.5,122.5
2024-10-22,"(0,1)",26.229374875,26.5,122.5
2024-10-22,"(1,0)",27.89062475,25.5,123.5
2024-10-22,"(1,1)",26.8856245625,26.5,123.5
2024-10-23,"(0,0)",26.351249625,25.5,122.5
2024-10-23,"(0,1)",26.0874995625,26.5,122.5
2024-10-23,"(1,0)",27.795624375,25.5,123.5
2024-10-23,"(1,1)",26.7881249375,26.5,123.5
2024-10-24,"(0,0)",26.667499687499998,25.5,122.5
2024-10-24,"(0,1)",26.0112496875,26.5,122.5
2024-10-24,"(1,0)",27.78437475,25.5,123.5
2024-10-24,"(1,1)",26.5643748125,26.5,123.5
2024-10-25,"(0,0)",26.9181248125,25.5,122.5
2024-10-25,"(0,1)",26.2512496875,26.5,122.5
2024-10-25,"(1,0)",27.94312475,25.5,123.5
2024-10-25,"(1,1)",26.680624625,26.5,123.5
2024-10-26,"(0,0)",27.18187475,25.5,122.5
2024-10-26,"(0,1)",26.2437495,26.5,122.5
2024-10-26,"(1,0)",28.0556245,25.5,123.5
2024-10-26,"(1,1)",26.785624625,26.5,123.5
2024-10-27,"(0,0)",27.172499375,25.5,122.5
2024-10-27,"(0,1)",26.0949994375,26.5,122.5
2024-10-27,"(1,0)",28.0743745,25.5,123.5
2024-10-27,"(1,1)",26.7199998125,26.5,123.5
2024-10-28,"(0,0)",27.096249625,25.5,122.5
2024-10-28,"(0,1)",26.002499812499998,26.5,122.5
2024-10-28,"(1,0)",27.9656248125,25.5,123.5
2024-10-28,"(1,1)",26.5424998125,26.5,123.5
2024-10-29,"(0,0)",26.9612495625,25.5,122.5
2024-10-29,"(0,1)",26.124374624999998,26.5,122.5
2024-10-29,"(1,0)",27.8187495625,25.5,123.5
2024-10-29,"(1,1)",26.43687475,26.5,123.5
2024-10-30,"(0,0)",27.3849998125,25.5,122.5
2024-10-30,"(0,1)",27.1099996875,26.5,122.5
2024-10-30,"(1,0)",27.8293745625,25.5,123.5
2024-10-30,"(1,1)",26.568125,26.5,123.5
2024-10-31,"(0,0)",27.4668744375,25.5,122.5
2024-10-31,"(0,1)",26.719374625,26.5,122.5
2024-10-31,"(1,0)",27.6856244375,25.5,123.5
2024-10-31,"(1,1)",26.3218746875,26.5,123.5
2024-11-01,"(0,0)",27.136249499999998,25.5,122.5
2024-11-01,"(0,1)",25.961874625,26.5,122.5
2024-11-01,"(1,0)",27.5887495625,25.5,123.5
2024-11-01,"(1,1)",26.0374998125,26.5,123.5
2024-11-02,"(0,0)",26.925624625,25.5,122.5
2024-11-02,"(0,1)",25.7893746875,26.5,122.5
2024-11-02,"(1,0)",27.5837495,25.5,123.5
2024-11-02,"(1,1)",26.13187475,26.5,123.5
2024-11-03,"(0,0)",26.848749625,25.5,122.5
2024-11-03,"(0,1)",25.775624625,26.5,122.5
2024-11-03,"(1,0)",27.5593746875,25.5,123.5
2024-11-03,"(1,1)",26.1649995625,26.5,123.5
2024-11-04,"(0,0)",26.8724995625,25.5,122.5
2024-11-04,"(0,1)",25.8512499375,26.5,122.5
2024-11-04,"(1,0)",27.513124875,25.5,123.5
2024-11-04,"(1,1)",26.230624375,26.5,123.5
2024-11-05,"(0,0)",26.752499625,25.5,122.5
2024-11-05,"(0,1)",25.886874625,26.5,122.5
2024-11-05,"(1,0)",27.4137498125,25.5,123.5
2024-11-05,"(1,1)",26.2199998125,26.5,123.5
2024-11-06,"(0,0)",26.541249625,25.5,122.5
2024-11-06,"(0,1)",25.808124625,26.5,122.5
2024-11-06,"(1,0)",27.0643746875,25.5,123.5
2024-11-06,"(1,1)",26.0987496875,26.5,123.5
2024-11-07,"(0,0)",26.3743748125,25.5,122.5
2024-11-07,"(0,1)",25.7937498125,26.5,122.5
2024-11-07,"(1,0)",26.8843745,25.5,123.5
2024-11-07,"(1,1)",25.9737496875,26.5,123.5
2024-11-08,"(0,0)",25.906249625,25.5,122.5
2024-11-08,"(0,1)",25.41562475,26.5,122.5
2024-11-08,"(1,0)",26.724999625,25.5,123.5
2024-11-08,"(1,1)",25.861874812499998,26.5,123.5
2024-11-09,"(0,0)",25.8043745625,25.5,122.5
2024-11-09,"(0,1)",25.3487495,26.5,122.5
2024-11-09,"(1,0)",26.6331245625,25.5,123.5
2024-11-09,"(1,1)",25.756249937499998,26.5,123.5
2024-11-10,"(0,0)",25.53937475,25.5,122.5
2024-11-10,"(0,1)",25.10124975,26.5,122.5
2024-11-10,"(1,0)",26.4324996875,25.5,123.5
2024-11-10,"(1,1)",25.55124975,26.5,123.5
2024-11-11,"(0,0)",25.351249625,25.5,122.5
2024-11-11,"(0,1)",24.9881246875,26.5,122.5
2024-11-11,"(1,0)",26.44312475,25.5,123.5
2024-11-11,"(1,1)",25.4693746875,26.5,123.5
2024-11-12,"(0,0)",25.4868749375,25.5,122.5
2024-11-12,"(0,1)",25.0374998125,26.5,122.5
2024-11-12,"(1,0)",26.5337495,25.5,123.5
2024-11-12,"(1,1)",25.4524998125,26.5,123.5
2024-11-13,"(0,0)",25.6637494375,25.5,122.5
2024-11-13,"(0,1)",25.171249625,26.5,122.5
2024-11-13,"(1,0)",26.808124749999998,25.5,123.5
2024-11-13,"(1,1)",25.6156245625,26.5,123.5
2024-11-14,"(0,0)",25.6312499375,25.5,122.5
2024-11-14,"(0,1)",25.202499500000002,26.5,122.5
2024-11-14,"(1,0)",26.76937475,25.5,123.5
2024-11-14,"(1,1)",25.6725,26.5,123.5
2024-11-15,"(0,0)",25.56812475,25.5,122.5
2024-11-15,"(0,1)",25.202499625,26.5,122.5
2024-11-15,"(1,0)",26.961874625,25.5,123.5
2024-11-15,"(1,1)",25.633124375,26.5,123.5
2024-11-16,"(0,0)",25.68812475,25.5,122.5
2024-11-16,"(0,1)",25.3649996875,26.5,122.5
2024-11-16,"(1,0)",27.18124975,25.5,123.5
2024-11-16,"(1,1)",25.707499625,26.5,123.5
2024-11-17,"(0,0)",25.677499625,25.5,122.5
2024-11-17,"(0,1)",25.168124625,26.5,122.5
2024-11-17,"(1,0)",26.963749375,25.5,123.5
2024-11-17,"(1,1)",25.573749875,26.5,123.5
2024-11-18,"(0,0)",25.5812495625,25.5,122.5
2024-11-18,"(0,1)",25.0593745,26.5,122.5
2024-11-18,"(1,0)",26.6987496875,25.5,123.5
2024-11-18,"(1,1)",25.36249975,26.5,123.5
2024-11-19,"(0,0)",25.0056246875,25.5,122.5
2024-11-19,"(0,1)",24.1849998125,26.5,122.5
2024-11-19,"(1,0)",26.51812475,25.5,123.5
2024-11-19,"(1,1)",25.014374687500002,26.5,123.5
2024-11-20,"(0,0)",24.789374625,25.5,122.5
2024-11-20,"(0,1)",24.1506245,26.5,122.5
2024-11-20,"(1,0)",26.3787496875,25.5,123.5
2024-11-20,"(1,1)",24.95875,26.5,123.5
2024-11-21,"(0,0)",24.918124625,25.5,122.5
2024-11-21,"(0,1)",23.9581246875,26.5,122.5
2024-11-21,"(1,0)",26.45749975,25.5,123.5
2024-11-21,"(1,1)",24.8368745625,26.5,123.5
2024-11-22,"(0,0)",25.07624975,25.5,122.5
2024-11-22,"(0,1)",23.9143746875,26.5,122.5
2024-11-22,"(1,0)",26.433124625,25.5,123.5
2024-11-22,"(1,1)",24.7543745625,26.5,123.5
2024-11-23,"(0,0)",25.1012496875,25.5,122.5
2024-11-23,"(0,1)",23.8537496875,26.5,122.5
2024-11-23,"(1,0)",26.261249625,25.5,123.5
2024-11-23,"(1,1)",24.541249875,26.5,123.5
2024-11-24,"(0,0)",25.09562475,25.5,122.5
2024-11-24,"(0,1)",23.8249998125,26.5,122.5
2024-11-24,"(1,0)",26.2093745625,25.5,123.5
2024-11-24,"(1,1)",24.428749625,26.5,123.5
2024-11-25,"(0,0)",25.14437475,25.5,122.5
2024-11-25,"(0,1)",23.95874975,26.5,122.5
2024-11-25,"(1,0)",26.3274994375,25.5,123.5
2024-11-25,"(1,1)",24.484374875,26.5,123.5
2024-11-26,"(0,0)",25.1474995,25.5,122.5
2024-11-26,"(0,1)",23.6724999375,26.5,122.5
2024-11-26,"(1,0)",26.22124975,25.5,123.5
2024-11-26,"(1,1)",24.147499875,26.5,123.5
2024-11-27,"(0,0)",25.092499625,25.5,122.5
2024-11-27,"(0,1)",23.6168745625,26.5,122.5
2024-11-27,"(1,0)",26.15312475,25.5,123.5
2024-11-27,"(1,1)",23.9418745625,26.5,123.5
2024-11-28,"(0,0)",25.1168746875,25.5,122.5
2024-11-28,"(0,1)",23.666249812500002,26.5,122.5
2024-11-28,"(1,0)",26.1556246875,25.5,123.5
2024-11-28,"(1,1)",23.90687475,26.5,123.5
2024-11-29,"(0,0)",25.0574998125,25.5,122.5
2024-11-29,"(0,1)",23.701249625,26.5,122.5
2024-11-29,"(1,0)",26.1587494375,25.5,123.5
2024-11-29,"(1,1)",23.9374996875,26.5,123.5
2024-11-30,"(0,0)",24.99124975,25.5,122.5
2024-11-30,"(0,1)",23.7662496875,26.5,122.5
2024-11-30,"(1,0)",26.20625,25.5,123.5
2024-11-30,"(1,1)",24.0562499375,26.5,123.5
2024-12-01,"(0,0)",24.5687498125,25.5,122.5
2024-12-01,"(0,1)",23.613124562499998,26.5,122.5
2024-12-01,"(1,0)",26.192499625,25.5,123.5
2024-12-01,"(1,1)",24.1743746875,26.5,123.5
2024-12-02,"(0,0)",24.42499975,25.5,122.5
2024-12-02,"(0,1)",23.7037498125,26.5,122.5
2024-12-02,"(1,0)",26.2831245625,25.5,123.5
2024-12-02,"(1,1)",24.45249975,26.5,123.5
2024-12-03,"(0,0)",24.3374996875,25.5,122.5
2024-12-03,"(0,1)",23.7149996875,26.5,122.5
2024-12-03,"(1,0)",26.2756244375,25.5,123.5
2024-12-03,"(1,1)",24.616874625,26.5,123.5
2024-12-04,"(0,0)",24.1849995625,25.5,122.5
2024-12-04,"(0,1)",23.5406246875,26.5,122.5
2024-12-04,"(1,0)",26.299999624999998,25.5,123.5
2024-12-04,"(1,1)",24.5868748125,26.5,123.5
2024-12-05,"(0,0)",23.782499625,25.5,122.5
2024-12-05,"(0,1)",23.293124625,26.5,122.5
2024-12-05,"(1,0)",26.2237495625,25.5,123.5
2024-12-05,"(1,1)",24.417499687499998,26.5,123.5
2024-12-06,"(0,0)",23.50249975,25.5,122.5
2024-12-06,"(0,1)",23.2362498125,26.5,122.5
2024-12-06,"(1,0)",26.040624625,25.5,123.5
2024-12-06,"(1,1)",24.4081246875,26.5,123.5
2024-12-07,"(0,0)",23.479374625,25.5,122.5
2024-12-07,"(0,1)",23.1999998125,26.5,122.5
2024-12-07,"(1,0)",26.017499375,25.5,123.5
2024-12-07,"(1,1)",24.36749975,26.5,123.5
2024-12-08,"(0,0)",23.491874625,25.5,122.5
2024-12-08,"(0,1)",22.895624875,26.5,122.5
2024-12-08,"(1,0)",26.025624875,25.5,123.5
2024-12-08,"(1,1)",24.2718746875,26.5,123.5
2024-12-09,"(0,0)",23.8324996875,25.5,122.5
2024-12-09,"(0,1)",22.789999875,26.5,122.5
2024-12-09,"(1,0)",25.97874975,25.5,123.5
2024-12-09,"(1,1)",24.2637496875,26.5,123.5
2024-12-10,"(0,0)",23.9368745625,25.5,122.5
2024-12-10,"(0,1)",22.8587498125,26.5,122.5
2024-12-10,"(1,0)",25.948124875,25.5,123.5
2024-12-10,"(1,1)",24.2749998125,26.5,123.5
2024-12-11,"(0,0)",23.9424998125,25.5,122.5
2024-12-11,"(0,1)",23.010624875,26.5,122.5
2024-12-11,"(1,0)",26.0074995625,25.5,123.5
2024-12-11,"(1,1)",24.290624875,26.5,123.5
2024-12-12,"(0,0)",24.05124975,25.5,122.5
2024-12-12,"(0,1)",23.3824996875,26.5,122.5
2024-12-12,"(1,0)",25.8893746875,25.5,123.5
2024-12-12,"(1,1)",24.3624999375,26.5,123.5
2024-12-13,"(0,0)",24.002499625,25.5,122.5
2024-12-13,"(0,1)",23.548124625,26.5,122.5
2024-12-13,"(1,0)",25.7906244375,25.5,123.5
2024-12-13,"(1,1)",24.428749625,26.5,123.5
2024-12-14,"(0,0)",23.7356248125,25.5,122.5
2024-12-14,"(0,1)",23.049374625,26.5,122.5
2024-12-14,"(1,0)",25.8049994375,25.5,123.5
2024-12-14,"(1,1)",24.272499625,26.5,123.5
2024-12-15,"(0,0)",23.5543748125,25.5,122.5
2024-12-15,"(0,1)",22.658124625,26.5,122.5
2024-12-15,"(1,0)",25.5743746875,25.5,123.5
2024-12-15,"(1,1)",23.719374625,26.5,123.5
2024-12-16,"(0,0)",23.198124749999998,25.5,122.5
2024-12-16,"(0,1)",22.3349996875,26.5,122.5
2024-12-16,"(1,0)",25.3931246875,25.5,123.5
2024-12-16,"(1,1)",23.4943748125,26.5,123.5
2024-12-17,"(0,0)",23.473749875,25.5,122.5
2024-12-17,"(0,1)",22.1962498125,26.5,122.5
2024-12-17,"(1,0)",25.3299995625,25.5,123.5
2024-12-17,"(1,1)",23.44374975,26.5,123.5
2024-12-18,"(0,0)",24.3631245625,25.5,122.5
2024-12-18,"(0,1)",21.894999625,26.5,122.5
2024-12-18,"(1,0)",25.1106248125,25.5,123.5
2024-12-18,"(1,1)",23.1937496875,26.5,123.5
2024-12-19,"(0,0)",24.14187475,25.5,122.5
2024-12-19,"(0,1)",21.760624625,26.5,122.5
2024-12-19,"(1,0)",24.8124995625,25.5,123.5
2024-12-19,"(1,1)",22.8281248125,26.5,123.5
2024-12-20,"(0,0)",24.038749875,25.5,122.5
2024-12-20,"(0,1)",21.811249687500002,26.5,122.5
2024-12-20,"(1,0)",24.8281245625,25.5,123.5
2024-12-20,"(1,1)",22.7718744375,26.5,123.5
2024-12-21,"(0,0)",23.82874975,25.5,122.5
2024-12-21,"(0,1)",21.7768745,26.5,122.5
2024-12-21,"(1,0)",24.8181245625,25.5,123.5
2024-12-21,"(1,1)",22.70249975,26.5,123.5
2024-12-22,"(0,0)",23.381249874999998,25.5,122.5
2024-12-22,"(0,1)",21.7193745625,26.5,122.5
2024-12-22,"(1,0)",24.3912498125,25.5,123.5
2024-12-22,"(1,1)",22.2918746875,26.5,123.5
2024-12-23,"(0,0)",22.93874975,25.5,122.5
2024-12-23,"(0,1)",21.6643746875,26.5,122.5
2024-12-23,"(1,0)",24.55999975,25.5,123.5
2024-12-23,"(1,1)",22.29749975,26.5,123.5
2024-12-24,"(0,0)",22.5743748125,25.5,122.5
2024-12-24,"(0,1)",21.4174998125,26.5,122.5
2024-12-24,"(1,0)",24.7193746875,25.5,123.5
2024-12-24,"(1,1)",22.184374625,26.5,123.5
2024-12-25,"(0,0)",22.072499875000002,25.5,122.5
2024-12-25,"(0,1)",21.2649996875,26.5,122.5
2024-12-25,"(1,0)",24.7012498125,25.5,123.5
2024-12-25,"(1,1)",22.21312475,26.5,123.5
2024-12-26,"(0,0)",21.5831245625,25.5,122.5
2024-12-26,"(0,1)",21.463124875,26.5,122.5
2024-12-26,"(1,0)",24.47312475,25.5,123.5
2024-12-26,"(1,1)",22.386249624999998,26.5,123.5
2024-12-27,"(0,0)",23.022499749999998,25.5,122.5
2024-12-27,"(0,1)",21.8006246875,26.5,122.5
2024-12-27,"(1,0)",24.3843746875,25.5,123.5
2024-12-27,"(1,1)",22.2981246875,26.5,123.5
2024-12-28,"(0,0)",23.7193748125,25.5,122.5
2024-12-28,"(0,1)",21.7943748125,26.5,122.5
2024-12-28,"(1,0)",24.396249875,25.5,123.5
2024-12-28,"(1,1)",22.2412498125,26.5,123.5
2024-12-29,"(0,0)",23.7537498125,25.5,122.5
2024-12-29,"(0,1)",21.9262498125,26.5,122.5
2024-12-29,"(1,0)",24.3656246875,25.5,123.5
2024-12-29,"(1,1)",22.2099998125,26.5,123.5
2024-12-30,"(0,0)",23.6849998125,25.5,122.5
2024-12-30,"(0,1)",22.076874874999998,26.5,122.5
2024-12-30,"(1,0)",24.346874624999998,25.5,123.5
2024-12-30,"(1,1)",22.19812475,26.5,123.5
2024-12-31,"(0,0)",23.59937475,25.5,122.5
2024-12-31,"(0,1)",22.0587496875,26.5,122.5
2024-12-31,"(1,0)",24.208749875,25.5,123.5
2024-12-31,"(1,1)",22.1537498125,26.5,123.5
